City_ID,City,Lat,Lng,Max Temp,Current Description,Humidity,Cloudiness,Wind Speed,Country
0,Bambous Virieux,-20.3428,57.7575,68.25,moderate rain,94,75,13.8,MU
1,Busselton,-33.65,115.3333,46.04,overcast clouds,68,100,13.51,AU
2,Khatanga,71.9667,102.5,75.61,overcast clouds,57,99,15.93,RU
3,Ushuaia,-54.8,-68.3,37.06,drizzle,93,90,8.05,AR
4,Bluff,-46.6,168.3333,49.8,few clouds,70,17,15.57,NZ
5,Banda Aceh,5.5577,95.3222,80.06,scattered clouds,80,39,12.73,ID
6,Kabale,-1.2486,29.9899,59.27,broken clouds,59,82,2.08,UG
7,Puerto Escondido,15.85,-97.0667,86.41,overcast clouds,68,95,4.97,MX
8,Port Alfred,-33.5906,26.891,68.23,clear sky,43,4,12.64,ZA
9,Provideniya,64.3833,-173.3,48.31,moderate rain,93,90,6.71,RU
10,Ilulissat,69.2167,-51.1,55.42,overcast clouds,62,100,2.3,GL
11,Jamestown,42.097,-79.2353,77.09,overcast clouds,64,96,7.0,US
12,Narrabri,-30.3167,149.7833,52.97,clear sky,61,0,14.41,AU
13,Iquitos,-3.7481,-73.2472,80.71,overcast clouds,73,98,1.34,PE
14,Victoria,22.2855,114.1577,87.96,moderate rain,91,98,11.01,HK
15,Torbay,47.6666,-52.7314,67.28,light rain,95,90,16.11,CA
16,Chuy,-33.6971,-53.4616,43.57,few clouds,66,13,16.31,UY
17,Punta Arenas,-53.15,-70.9167,42.91,broken clouds,87,75,12.66,CL
18,San Patricio,28.017,-97.5169,96.89,overcast clouds,43,86,11.72,US
19,Saint-Philippe,-21.3585,55.7679,67.59,light rain,85,50,14.2,RE
20,Vaini,-21.2,-175.2,70.79,light rain,77,100,13.98,TO
21,Nanakuli,21.3906,-158.1547,84.04,broken clouds,64,72,12.95,US
22,Mataura,-46.1927,168.8643,49.48,scattered clouds,88,40,0.76,NZ
23,Taoudenni,22.6783,-3.9836,104.4,scattered clouds,6,45,10.38,ML
24,San Ramon De La Nueva Oran,-23.1322,-64.326,57.42,broken clouds,44,83,3.58,AR
25,Hobart,-42.8794,147.3294,55.26,light rain,81,75,4.0,AU
26,Nueva Concepcion,14.2,-91.3,87.17,broken clouds,77,69,6.98,GT
27,Butaritari,3.0707,172.7902,81.72,overcast clouds,70,98,3.49,KI
28,Alamosa,37.4695,-105.87,83.71,clear sky,28,1,14.97,US
29,Sao Joao Da Barra,-21.6403,-41.0511,72.41,clear sky,85,2,19.98,BR
30,Kruisfontein,-34.0033,24.7314,54.88,clear sky,94,5,6.93,ZA
31,Cabo San Lucas,22.8909,-109.9124,99.81,scattered clouds,67,47,11.79,MX
32,Igrim,63.1906,64.4162,42.13,few clouds,78,15,5.06,RU
33,Kulhudhuffushi,6.6221,73.07,81.73,broken clouds,78,78,14.25,MV
34,Hanover,52.3705,9.7332,66.09,clear sky,94,0,4.61,DE
35,Ziro,27.6333,93.8333,59.11,overcast clouds,97,90,3.27,IN
36,Atuona,-9.8,-139.0333,77.5,light rain,71,16,18.43,PF
37,Nemuro,43.3236,145.575,64.29,overcast clouds,95,99,7.65,JP
38,Lata,40.1629,-8.3327,63.01,clear sky,96,2,3.51,PT
39,Cape Town,-33.9258,18.4232,55.09,light rain,82,83,1.01,ZA
40,Hilo,19.7297,-155.09,80.33,light rain,83,90,6.91,US
41,Stornoway,58.2093,-6.3865,53.92,overcast clouds,94,90,6.91,GB
42,Rikitea,-23.1203,-134.9692,74.62,overcast clouds,77,100,15.01,PF
43,Yellowknife,62.456,-114.3525,59.32,broken clouds,50,84,1.01,CA
44,Palmer,42.1584,-72.3287,88.32,scattered clouds,53,27,5.75,US
45,Sinnamary,5.3833,-52.95,79.39,few clouds,80,11,9.15,GF
46,Puerto Ayora,-0.7393,-90.3518,78.76,few clouds,71,12,11.79,EC
47,Barrow,71.2906,-156.7887,42.82,mist,84,90,17.27,US
48,Newport,51.5877,-2.9984,63.86,overcast clouds,89,100,7.27,GB
49,Kapaa,22.0752,-159.319,84.18,overcast clouds,78,100,4.0,US
50,Menongue,-14.6585,17.691,51.42,clear sky,40,0,5.66,AO
51,Thompson,55.7435,-97.8558,83.52,overcast clouds,27,100,15.17,CA
52,Parana,-31.732,-60.5238,52.3,clear sky,38,4,7.92,AR
53,Tocopilla,-22.092,-70.1979,62.44,few clouds,68,18,10.38,CL
54,Kibala,9.1104,18.3463,69.13,overcast clouds,97,100,2.33,TD
55,Faanui,-16.4833,-151.75,78.03,light rain,74,25,7.7,PF
56,Saravan,39.7196,45.6483,72.25,scattered clouds,73,47,8.48,AM
57,Longyearbyen,78.2186,15.6401,44.44,broken clouds,87,75,11.5,SJ
58,Goderich,43.7501,-81.7165,77.04,scattered clouds,75,25,3.67,CA
59,Souillac,-20.5167,57.5167,68.36,light rain,87,100,16.44,MU
60,Saldanha,-33.0117,17.9442,56.41,overcast clouds,76,100,8.79,ZA
61,Kahului,20.8947,-156.47,84.97,scattered clouds,86,50,10.0,US
62,Castro,-24.7911,-50.0119,50.11,overcast clouds,94,100,10.49,BR
63,East London,-33.0153,27.9116,73.11,clear sky,26,0,10.04,ZA
64,Bud,39.447,-86.1758,89.55,clear sky,56,0,0.81,US
65,Mandalgovi,45.7625,106.2708,64.92,overcast clouds,65,100,2.98,MN
66,Selje,62.0459,5.351,65.19,overcast clouds,95,100,6.29,NO
67,Port Hardy,50.6996,-127.4199,61.95,scattered clouds,70,47,8.12,CA
68,Albany,42.6001,-73.9662,70.81,moderate rain,63,51,3.0,US
69,Peniche,39.3558,-9.3811,67.75,clear sky,88,0,18.39,PT
70,Los Llanos De Aridane,28.6585,-17.9182,69.55,broken clouds,92,75,16.11,ES
71,Inskoy,54.4297,86.44,54.45,scattered clouds,83,41,1.72,RU
72,Port Macquarie,-31.4333,152.9167,53.2,clear sky,63,7,8.28,AU
73,Micheweni,-4.9667,39.8333,75.42,clear sky,79,3,16.84,TZ
74,Piopio,-38.4667,175.0167,56.95,scattered clouds,75,50,3.87,NZ
75,Coquimbo,-29.9533,-71.3436,56.97,clear sky,70,0,6.08,CL
76,Bac Lieu,9.285,105.7244,79.47,few clouds,82,16,12.55,VN
77,Japura,-0.3167,102.35,70.97,broken clouds,79,80,3.09,ID
78,Yaan,7.3833,8.5667,71.73,few clouds,81,20,2.77,NG
79,Sarti,40.1,23.9833,80.4,clear sky,52,0,6.02,GR
80,Tazovskiy,67.4667,78.7,40.15,clear sky,92,2,7.96,RU
81,Zeya,53.75,127.2667,65.39,overcast clouds,95,97,4.23,RU
82,Lethem,3.3803,-59.7968,80.2,scattered clouds,80,27,4.47,GY
83,Almaznyy,48.0448,40.045,66.34,broken clouds,63,65,7.65,RU
84,Qaanaaq,77.484,-69.3632,41.22,light rain,99,100,4.27,GL
85,Shingu,33.7333,135.9833,78.91,overcast clouds,68,94,3.71,JP
86,Hermanus,-34.4187,19.2345,55.8,overcast clouds,76,94,18.25,ZA
87,Husavik,66.0449,-17.3389,50.61,overcast clouds,99,100,9.51,IS
88,Kodiak,57.79,-152.4072,56.73,overcast clouds,77,100,5.21,US
89,Santa Isabel Do Rio Negro,-0.4139,-65.0192,78.21,moderate rain,85,100,2.71,BR
90,Dolgorukovo,52.3195,38.3453,65.28,broken clouds,70,70,4.7,RU
91,Dikson,73.5069,80.5464,40.24,overcast clouds,100,100,16.35,RU
92,Aklavik,68.2191,-135.0107,61.63,overcast clouds,77,90,2.3,CA
93,Kloulklubed,7.0419,134.2556,83.61,very heavy rain,74,85,10.09,PW
94,Bereda,43.2686,-7.5406,61.92,few clouds,99,13,3.11,ES
95,Nikolskoye,59.7035,30.7861,69.4,overcast clouds,62,89,5.03,RU
96,Bethel,41.3712,-73.414,88.52,scattered clouds,62,32,1.01,US
97,Constitucion,-35.3333,-72.4167,50.0,clear sky,68,0,8.03,CL
98,Yar-Sale,66.8333,70.8333,46.83,overcast clouds,69,99,9.66,RU
99,Varzea Da Palma,-17.5981,-44.7308,71.11,clear sky,37,3,0.96,BR
100,Batu,-7.87,112.5283,59.54,scattered clouds,89,44,1.21,ID
101,Kamenka,51.3223,42.7678,63.21,clear sky,75,4,4.27,RU
102,Pevek,69.7008,170.3133,34.07,overcast clouds,94,100,10.4,RU
103,Vanavara,60.34,102.2797,65.21,clear sky,61,7,2.33,RU
104,Whitehorse,60.7161,-135.0538,59.02,broken clouds,76,75,8.01,CA
105,Port Elizabeth,-33.918,25.5701,57.09,few clouds,86,18,11.52,ZA
106,General Delgado,-27.1667,-56.5167,45.52,clear sky,45,0,5.3,PY
107,Jalingo,8.8833,11.3667,72.93,overcast clouds,84,100,4.43,NG
108,Grindavik,63.8424,-22.4338,52.27,clear sky,87,0,19.57,IS
109,Polovinnoye,54.7914,65.9864,53.96,scattered clouds,86,31,8.5,RU
110,Caborca,30.5838,-111.101,94.5,few clouds,29,23,7.2,MX
111,Xam Nua,20.4197,104.0439,67.3,overcast clouds,99,95,3.15,LA
112,Gizo,-8.103,156.8419,82.33,light rain,76,84,8.57,SB
113,Carinhanha,-14.3047,-43.765,78.12,clear sky,33,7,4.07,BR
114,Carnarvon,-24.8667,113.6333,66.85,overcast clouds,53,100,8.28,AU
115,San Policarpo,12.1791,125.5072,80.49,overcast clouds,77,98,9.4,PH
116,La Ronge,55.1001,-105.2842,73.29,scattered clouds,49,41,10.67,CA
117,Boyolangu,-8.1181,111.8935,71.94,broken clouds,92,63,3.2,ID
118,Geraldton,-28.7667,114.6,61.12,scattered clouds,87,40,1.14,AU
119,Henties Bay,-22.116,14.2845,58.86,clear sky,81,0,8.63,NA
120,Emerald,-23.5333,148.1667,56.98,few clouds,56,13,7.14,AU
121,Auki,-8.7676,160.7034,81.12,broken clouds,76,72,4.9,SB
122,Dzilam Gonzalez,21.2833,-88.9333,88.83,broken clouds,58,80,10.13,MX
123,San Matias,-16.3667,-58.4,73.42,scattered clouds,49,27,14.72,BO
124,Avarua,-21.2078,-159.775,77.05,few clouds,65,20,5.75,CK
125,Revda,56.801,59.9303,50.81,clear sky,92,8,3.67,RU
126,Hami,42.8,93.45,85.17,clear sky,18,1,7.54,CN
127,Talnakh,69.4865,88.3972,65.32,overcast clouds,91,89,6.73,RU
128,Porto Santo,33.072,-16.3415,73.31,broken clouds,68,75,13.8,PT
129,Neiafu,-18.65,-173.9833,77.68,moderate rain,78,75,4.61,TO
130,Leningradskiy,69.3833,178.4167,34.36,light rain,97,100,7.67,RU
131,Kamakwie,9.5,-12.2333,72.86,light rain,98,100,4.83,SL
132,Astana,51.1801,71.446,53.55,clear sky,62,0,4.47,KZ
133,Bredasdorp,-34.5322,20.0403,55.27,overcast clouds,72,100,14.83,ZA
134,Sur,22.5667,59.5289,94.08,overcast clouds,47,100,19.66,OM
135,Coihaique,-45.5752,-72.0662,37.6,broken clouds,91,66,3.78,CL
136,Monrovia,6.3005,-10.7969,77.22,light rain,80,100,11.05,LR
137,Denpasar,-8.65,115.2167,74.86,scattered clouds,88,40,4.61,ID
138,Axim,4.8699,-2.2405,75.9,overcast clouds,81,99,7.85,GH
139,Lompoc,34.6391,-120.4579,89.74,broken clouds,71,75,7.0,US
140,Baykit,61.67,96.37,65.32,overcast clouds,89,100,2.17,RU
141,Saint George,37.1041,-113.5841,97.63,broken clouds,29,72,5.01,US
142,Hithadhoo,-0.6,73.0833,80.91,light rain,78,96,7.72,MV
143,Alta Floresta,-9.8756,-56.0861,82.56,scattered clouds,31,39,2.51,BR
144,New Norfolk,-42.7826,147.0587,54.9,light rain,80,93,3.0,AU
145,Clyde River,70.4692,-68.5914,45.66,overcast clouds,74,96,5.28,CA
146,Mahibadhoo,3.7833,72.9667,81.55,overcast clouds,78,100,13.62,MV
147,Coxim,-18.5067,-54.76,72.59,few clouds,61,24,16.84,BR
148,Isangel,-19.55,169.2667,72.73,few clouds,63,22,14.85,VU
149,Lagoa,39.05,-27.9833,71.29,overcast clouds,85,100,10.74,PT
150,Haimen,23.1935,116.6142,82.29,scattered clouds,84,49,7.07,CN
151,Boksitogorsk,59.474,33.8485,63.81,scattered clouds,68,49,5.03,RU
152,Bathsheba,13.2167,-59.5167,80.8,overcast clouds,74,98,14.38,BB
153,Moron,-34.6534,-58.6198,50.97,few clouds,50,19,5.99,AR
154,Fairbanks,64.8378,-147.7164,66.02,overcast clouds,68,100,1.01,US
155,Pingtung,22.6714,120.4881,81.88,light intensity shower rain,98,75,4.61,TW
156,Margate,51.3813,1.3862,63.3,few clouds,86,22,1.01,GB
157,Codrington,-38.2667,141.9667,48.58,scattered clouds,79,39,20.36,AU
158,Nhulunbuy,-12.2333,136.7667,68.61,broken clouds,94,57,2.3,AU
159,Tuktoyaktuk,69.4541,-133.0374,51.8,light rain,76,90,5.75,CA
160,Yulara,-25.2406,130.9889,61.2,few clouds,60,20,6.89,AU
161,Beringovskiy,63.05,179.3167,48.78,moderate rain,96,100,4.29,RU
162,Dongying,37.4564,118.4856,77.92,light rain,76,99,6.38,CN
163,Vestmannaeyjar,63.4427,-20.2734,54.01,scattered clouds,84,38,11.32,IS
164,Kushima,31.4583,131.2333,77.04,clear sky,80,0,2.15,JP
165,Luderitz,-26.6481,15.1594,56.34,clear sky,74,0,10.31,NA
166,Kaitangata,-46.2817,169.8464,48.92,broken clouds,69,78,3.94,NZ
167,North Berwick,56.0583,-2.7229,63.91,moderate rain,92,100,5.91,GB
168,Port-Gentil,-0.7193,8.7815,76.05,broken clouds,80,72,11.86,GA
169,Camacha,33.0833,-16.3333,70.54,broken clouds,68,75,13.8,PT
170,Georgetown,5.4112,100.3354,82.89,few clouds,84,20,0.0,MY
171,Garissa,-0.4536,39.6401,73.08,broken clouds,69,66,19.89,KE
172,Skjervoy,70.0311,20.9714,48.43,broken clouds,93,80,1.97,NO
173,Tamisan,6.8437,126.2984,80.13,overcast clouds,85,93,7.9,PH
174,Klaksvik,62.2266,-6.589,52.72,overcast clouds,96,94,11.07,FO
175,North Platte,41.1239,-100.7654,97.32,clear sky,34,7,1.99,US
176,Mar Del Plata,-38.0023,-57.5575,47.12,light rain,70,75,11.99,AR
177,Tasiilaq,65.6145,-37.6368,44.76,scattered clouds,78,33,7.65,GL
178,Meridian,43.6121,-116.3915,100.35,clear sky,24,1,3.0,US
179,Arraial Do Cabo,-22.9661,-42.0278,80.56,clear sky,83,0,5.75,BR
180,Pisco,-13.7,-76.2167,66.02,scattered clouds,83,26,5.53,PE
181,Miranda,3.2499,-76.2281,80.65,broken clouds,81,84,0.98,CO
182,Kangavar,34.5043,47.9653,78.21,clear sky,20,4,4.27,IR
183,Ahipara,-35.1667,173.1667,58.12,scattered clouds,83,44,7.05,NZ
184,Airai,-8.9266,125.4092,56.52,broken clouds,67,55,2.98,TL
185,Kingsport,36.5484,-82.5618,93.36,scattered clouds,54,40,1.99,US
186,New Glasgow,45.5834,-62.6486,74.91,overcast clouds,75,87,7.11,CA
187,Itarantim,-15.6597,-40.0656,68.41,broken clouds,79,53,4.23,BR
188,Mount Gambier,-37.8333,140.7667,46.98,light rain,82,25,17.11,AU
189,Vila Velha,-20.3297,-40.2925,78.96,clear sky,76,0,13.8,BR
190,Gumian,14.7086,121.6172,82.96,heavy intensity rain,85,100,13.13,PH
191,Iqaluit,63.7506,-68.5145,54.7,broken clouds,50,68,8.99,CA
192,Lebu,-37.6167,-73.65,47.98,clear sky,76,0,24.14,CL
193,Mayo,38.8876,-76.5119,96.12,clear sky,59,0,7.0,US
194,Virden,39.5009,-89.7679,90.05,clear sky,67,0,2.68,US
195,Baeza,37.9938,-3.471,81.27,clear sky,33,0,5.77,ES
196,Guerrero Negro,27.9769,-114.0611,81.25,clear sky,50,0,14.92,MX
197,Ribeira Grande,38.5167,-28.7,72.28,broken clouds,84,75,10.89,PT
198,Alekseyevskoye,55.3071,50.1135,56.08,few clouds,78,13,6.4,RU
199,Durango,24.8333,-104.8333,82.67,scattered clouds,23,39,13.62,MX
200,Kamaishi,39.2667,141.8833,74.35,light rain,95,100,20.47,JP
201,West Wendover,40.7391,-114.0733,93.09,few clouds,23,21,7.81,US
202,Along,28.1667,94.7667,75.11,overcast clouds,93,99,1.7,IN
203,Teknaf,20.8624,92.3058,79.12,very heavy rain,91,100,11.14,BD
204,Esperance,-33.8667,121.9,48.27,scattered clouds,81,33,14.99,AU
205,Skibbereen,51.55,-9.2667,58.8,overcast clouds,78,88,12.41,IE
206,Krasnoselkup,65.7,82.4667,47.64,overcast clouds,92,100,8.39,RU
207,Robertsport,6.7533,-11.3686,77.72,overcast clouds,80,98,13.4,LR
208,Norman Wells,65.282,-126.8329,70.25,light rain,47,97,9.22,CA
209,Houma,29.5958,-90.7195,96.01,scattered clouds,61,40,10.36,US
210,Richards Bay,-28.783,32.0377,63.55,clear sky,65,6,16.42,ZA
211,Portoferraio,42.8115,10.3146,78.96,clear sky,93,10,15.79,IT
212,Maragogi,-9.0122,-35.2225,74.3,scattered clouds,86,27,6.58,BR
213,Saint-Georges,12.0564,-61.7485,80.31,few clouds,78,20,11.86,GD
214,Cotacachi,0.3,-78.2667,62.73,light rain,72,94,3.04,EC
215,Pacific Grove,36.6177,-121.9166,95.4,scattered clouds,76,31,11.99,US
216,Mahebourg,-20.4081,57.7,68.29,moderate rain,94,75,13.8,MU
217,Baijiantan,45.6333,85.1833,81.59,few clouds,26,18,10.76,CN
218,Ponta Do Sol,32.6667,-17.1,74.01,clear sky,70,8,6.2,PT
219,Sorland,67.667,12.6934,55.47,clear sky,88,4,10.92,NO
220,Velim,50.0597,15.1071,72.23,overcast clouds,75,100,1.36,CZ
221,Kavaratti,10.5669,72.642,81.43,overcast clouds,79,100,20.54,IN
222,Longyan,25.1072,117.0225,76.08,clear sky,91,10,1.43,CN
223,Broome,42.2506,-75.833,72.18,overcast clouds,96,90,1.01,US
224,Cidreira,-30.1811,-50.2056,50.72,scattered clouds,49,49,19.01,BR
225,Tumpat,6.1978,102.171,76.87,scattered clouds,90,46,3.96,MY
226,Yavaros,26.7,-109.5167,102.45,few clouds,53,24,11.88,MX
227,Jacareacanga,-6.2222,-57.7528,85.12,clear sky,37,9,2.42,BR
228,Yeppoon,-23.1333,150.7333,51.58,overcast clouds,74,93,0.47,AU
229,Hambantota,6.1241,81.1185,79.14,overcast clouds,89,99,3.44,LK
230,Hasaki,35.7333,140.8333,77.4,broken clouds,83,70,16.33,JP
231,Ilebo,-4.3167,20.5833,68.05,broken clouds,31,61,1.59,CD
232,Palauig,15.435,119.9045,81.03,overcast clouds,87,100,12.1,PH
233,Silleda,42.696,-8.2465,60.66,clear sky,99,3,2.84,ES
234,Saskylakh,71.9167,114.0833,55.69,few clouds,64,18,17.0,RU
235,Nioro,13.35,-15.75,80.17,overcast clouds,73,100,9.06,GM
236,Opuwo,-18.0607,13.84,58.75,clear sky,31,0,7.76,NA
237,Chokurdakh,70.6333,147.9167,38.03,overcast clouds,77,100,11.86,RU
238,Chik,54.9928,82.4311,49.75,mist,93,58,2.24,RU
239,Tonosho,34.4833,134.1833,81.21,broken clouds,76,78,2.53,JP
240,Bowen,-20.0167,148.2333,64.89,broken clouds,76,51,7.47,AU
241,Najran,17.4924,44.1277,83.71,overcast clouds,45,91,7.38,SA
242,Buraydah,26.326,43.975,93.9,clear sky,15,2,10.31,SA
243,Yagodnoye,62.55,149.6667,47.79,overcast clouds,61,100,8.28,RU
244,Padang,-0.9492,100.3543,77.05,scattered clouds,88,46,3.18,ID
245,Worthington,40.0931,-83.018,89.42,few clouds,48,15,1.01,US
246,Bilibino,68.0546,166.4372,40.89,overcast clouds,87,100,2.35,RU
247,Huarmey,-10.0681,-78.1522,68.11,few clouds,77,18,10.98,PE
248,Ust-Nera,64.5667,143.2,49.35,overcast clouds,82,97,8.23,RU
249,Biloela,-24.4167,150.5,58.01,clear sky,83,0,3.15,AU
250,Chebarkul,54.9749,60.3633,54.99,overcast clouds,87,92,3.31,RU
251,Ilo,-17.6394,-71.3375,60.46,scattered clouds,79,38,7.83,PE
252,Seltso,53.3675,34.1,70.29,light intensity drizzle,68,99,6.71,RU
253,Dzerzhinskoye,56.8344,95.2283,55.58,broken clouds,98,56,5.75,RU
254,Nalut,30.3333,10.85,85.46,clear sky,19,0,16.46,LY
255,Ouesso,1.6136,16.0517,73.76,broken clouds,77,82,3.38,CG
256,Cayenne,4.9333,-52.3333,82.44,broken clouds,85,75,5.01,GF
257,Hofn,64.2539,-15.2082,54.14,overcast clouds,83,93,4.47,IS
258,Port Lincoln,-34.7333,135.8667,52.77,clear sky,66,5,25.79,AU
259,Comodoro Rivadavia,-45.8667,-67.5,48.06,clear sky,76,0,0.0,AR
260,Doha,25.2867,51.5333,96.78,clear sky,56,0,4.61,QA
261,Kashi,39.4547,75.9797,85.64,overcast clouds,25,100,0.83,CN
262,Semirom,31.4167,51.5667,67.12,clear sky,34,2,6.35,IR
263,Porto Novo,6.4965,2.6036,76.57,overcast clouds,78,100,8.59,BJ
264,Atbasar,51.8,68.3333,57.47,scattered clouds,53,46,6.55,KZ
265,Port Moresby,-9.4431,147.1797,77.22,broken clouds,88,81,7.2,PG
266,Rivers,50.0308,-100.2403,94.84,broken clouds,19,61,11.3,CA
267,Mana,5.6592,-53.7767,79.93,scattered clouds,80,47,9.28,GF
268,Tiksi,71.6872,128.8694,38.82,broken clouds,88,51,8.75,RU
269,Noumea,-22.2763,166.4572,71.01,scattered clouds,99,48,12.15,NC
270,Poum,-20.2333,164.0167,70.14,clear sky,63,2,10.71,NC
271,Alofi,-19.0595,-169.9187,75.99,broken clouds,73,82,5.1,NU
272,Cherskiy,68.75,161.3,37.67,overcast clouds,80,100,18.16,RU
273,Ati,13.2154,18.3353,76.73,broken clouds,79,67,13.44,TD
274,Tshane,-24.0196,21.8684,48.09,clear sky,44,0,9.93,BW
275,Ust-Tsilma,65.441,52.1498,41.25,broken clouds,90,51,8.03,RU
276,Verona,45.4167,11.0333,72.77,clear sky,100,0,3.44,IT
277,Guantanamo,20.1444,-75.2092,87.37,overcast clouds,69,100,4.52,CU
278,Nanortalik,60.1432,-45.2371,46.65,broken clouds,76,55,4.52,GL
279,Santiago De Cao,-7.9589,-79.2392,67.03,few clouds,82,24,14.43,PE
280,Goiatuba,-18.0125,-49.3547,73.67,few clouds,29,13,2.98,BR
281,Janakkala,60.9,24.6,70.84,broken clouds,62,78,4.74,FI
282,Eyl,7.9803,49.8164,80.73,overcast clouds,50,100,27.38,SO
283,Havelock,34.8791,-76.9013,85.95,broken clouds,84,70,7.63,US
284,Pauini,-7.7136,-66.9764,87.28,broken clouds,43,83,0.63,BR
285,Pilar,-9.5972,-35.9567,69.98,few clouds,92,20,3.53,BR
286,Best,51.5075,5.3903,63.21,overcast clouds,92,90,3.44,NL
287,Caravelas,-17.7125,-39.2481,72.97,clear sky,83,3,9.86,BR
288,Qaqortoq,60.7167,-46.0333,50.5,scattered clouds,72,46,1.36,GL
289,Pochutla,15.7432,-96.4661,84.81,overcast clouds,66,99,3.74,MX
290,Samarai,-10.6167,150.6667,78.76,light rain,86,80,13.27,PG
291,Wanaka,-44.7,169.15,44.11,overcast clouds,99,88,1.01,NZ
292,Tiarei,-17.5333,-149.3333,82.42,broken clouds,73,77,10.02,PF
293,Touros,-5.1989,-35.4608,77.38,clear sky,82,0,13.33,BR
294,Awbari,26.5921,12.7805,86.59,clear sky,17,2,9.62,LY
295,Pangnirtung,66.1451,-65.7125,49.48,overcast clouds,77,100,3.06,CA
296,Profitis,40.6875,23.2775,82.26,clear sky,70,1,1.28,GR
297,Fuling,29.7022,107.3919,76.59,overcast clouds,93,100,2.44,CN
298,Karratha,-20.7377,116.8463,68.18,clear sky,73,4,6.17,AU
299,Mamu Kanjan,30.8333,72.8,88.66,overcast clouds,65,94,7.05,PK
300,Murgab,37.4966,61.9714,76.87,clear sky,33,0,9.22,TM
301,Slantsy,59.1182,28.0914,63.59,overcast clouds,85,100,5.84,RU
302,Luangwa,-15.6167,30.4167,56.88,broken clouds,61,78,3.33,ZM
303,Santa,17.486,120.4348,78.85,very heavy rain,91,100,10.63,PH
304,Chinsali,-10.5414,32.0816,51.35,scattered clouds,54,26,6.6,ZM
305,Caserta,41.0832,14.3349,85.78,overcast clouds,37,98,1.79,IT
306,Great Yarmouth,52.6083,1.7305,62.85,broken clouds,92,67,11.07,GB
307,Kautokeino,69.0125,23.0412,56.21,few clouds,86,23,7.25,NO
308,Phangnga,8.4509,98.5298,86.92,broken clouds,95,73,4.76,TH
309,Omboue,-1.5746,9.2618,73.94,overcast clouds,81,92,6.82,GA
310,Khilchipur,24.0333,76.5667,75.87,overcast clouds,89,100,14.41,IN
311,Kenai,60.5544,-151.2583,69.03,overcast clouds,81,99,10.36,US
312,Ancud,-41.8697,-73.8203,46.24,overcast clouds,79,97,2.13,CL
313,Charlottesville,38.0293,-78.4767,97.92,clear sky,50,1,3.0,US
314,Asyut,27.181,31.1837,85.1,clear sky,23,0,9.78,EG
315,Embu,-23.6489,-46.8522,76.1,scattered clouds,63,47,4.18,BR
316,Baracoa,20.3467,-74.4958,83.98,overcast clouds,77,100,5.99,CU
317,Mvangue,2.9667,11.5167,65.34,broken clouds,97,66,3.11,CM
318,Nome,64.5011,-165.4064,51.17,light rain,93,90,11.5,US
319,Glendive,47.1053,-104.7125,101.95,clear sky,19,1,9.22,US
320,Ketchikan,55.3422,-131.6461,62.31,light rain,72,65,4.9,US
321,Sungaipenuh,-2.0833,101.3833,61.92,scattered clouds,94,31,2.89,ID
322,Duncan,34.5023,-97.9578,98.49,clear sky,44,1,3.44,US
323,Tuatapere,-46.1333,167.6833,49.82,clear sky,87,8,2.82,NZ
324,Mareeba,-17.0,145.4333,65.12,few clouds,89,12,1.54,AU
325,Rome,34.257,-85.1647,91.62,clear sky,73,1,5.75,US
326,Belmonte,-15.8631,-38.8828,73.9,few clouds,83,18,9.26,BR
327,Namatanai,-3.6667,152.4333,81.73,broken clouds,75,51,4.52,PG
328,Petropavlovsk-Kamchatskiy,53.0452,158.6483,68.59,clear sky,68,0,13.42,RU
329,Sept-Iles,50.2001,-66.3821,61.29,broken clouds,81,57,13.02,CA
330,Tigre,-34.426,-58.5796,50.22,few clouds,49,18,7.0,AR
331,Zholymbet,51.7433,71.7122,54.46,scattered clouds,62,41,6.46,KZ
332,Vonyarcvashegy,46.7574,17.3117,77.34,broken clouds,83,55,0.0,HU
333,Qui Nhon,13.7667,109.2333,83.5,overcast clouds,71,98,14.74,VN
334,Tuy Hoa,13.0833,109.3,83.48,overcast clouds,69,100,16.64,VN
335,Lorengau,-2.0226,147.2712,83.75,clear sky,73,5,4.79,PG
336,Lerwick,60.1545,-1.1494,55.4,scattered clouds,90,37,5.14,GB
337,Amazar,53.858,120.875,61.09,light rain,96,100,1.68,RU
338,San Quintin,30.4833,-115.95,75.88,clear sky,66,1,13.42,MX
339,Mount Isa,-20.7333,139.5,47.97,overcast clouds,71,89,0.0,AU
340,Moose Factory,51.2585,-80.6094,65.5,broken clouds,48,80,6.58,CA
341,Manjacaze,-24.7117,33.8828,57.27,clear sky,84,0,5.23,MZ
342,Tabou,4.423,-7.3528,76.69,overcast clouds,77,100,8.34,CI
343,Traverse City,44.7631,-85.6206,83.14,clear sky,63,1,5.64,US
344,Fortuna,40.5982,-124.1573,88.2,broken clouds,100,75,0.0,US
345,Chara,56.9064,118.2631,65.48,overcast clouds,73,99,0.43,RU
346,Lakatoro,-16.0999,167.4164,78.26,broken clouds,77,77,17.05,VU
347,Tezu,27.9167,96.1667,78.57,overcast clouds,79,99,2.98,IN
348,Meulaboh,4.1363,96.1285,76.53,scattered clouds,90,41,4.07,ID
349,Katsuura,35.1333,140.3,82.11,overcast clouds,84,100,17.22,JP
350,Kampot,10.6167,104.1833,80.65,overcast clouds,80,100,10.31,KH
351,Sampit,-2.5333,112.95,73.53,overcast clouds,95,95,2.55,ID
352,Westport,41.1415,-73.3579,89.78,broken clouds,54,52,1.01,US
353,Sao Jose Da Coroa Grande,-8.8978,-35.1478,74.88,few clouds,85,22,7.16,BR
354,Pak Phanang,8.3511,100.202,83.07,scattered clouds,82,35,7.65,TH
355,Gra Liyia,35.0167,25.6833,78.98,clear sky,45,0,8.41,GR
356,Mnogovershinnyy,53.9353,139.9242,68.76,overcast clouds,66,100,2.93,RU
357,Egvekinot,66.3167,-179.1667,41.0,light rain,89,100,10.63,RU
358,Kresttsy,58.2452,32.5165,63.61,overcast clouds,77,100,5.21,RU
359,Sarangani,5.4033,125.4636,84.09,overcast clouds,74,95,7.65,PH
360,Vesyegonsk,58.664,37.2604,58.57,few clouds,90,15,3.15,RU
361,Letka,59.6011,49.4232,44.85,broken clouds,95,56,5.12,RU
362,Jilib,0.4883,42.7854,74.07,overcast clouds,79,87,11.39,SO
363,Pocone,-16.2567,-56.6228,79.14,broken clouds,45,57,14.7,BR
364,Tromso,69.6496,18.957,57.85,overcast clouds,93,90,17.27,NO
365,Ixtapa,20.7,-105.2,89.22,scattered clouds,72,44,7.0,MX
366,Tynne,50.6015,26.1849,67.75,overcast clouds,95,100,6.02,UA
367,Venado Tuerto,-33.7456,-61.9688,44.89,few clouds,38,16,11.63,AR
368,Kayerkan,69.3497,87.7602,61.88,broken clouds,89,68,12.73,RU
369,Nabire,-3.3667,135.4833,77.22,overcast clouds,86,100,2.95,ID
370,Saint-Pierre,-21.3393,55.4781,67.68,broken clouds,83,75,10.36,RE
371,Kolda,12.8833,-14.95,78.64,light rain,87,100,5.23,SN
372,Xichang,27.8964,102.2634,66.4,light rain,98,100,2.57,CN
373,Orcopampa,-15.2661,-72.3417,49.6,scattered clouds,41,42,8.03,PE
374,Komsomolskiy,40.4272,71.7189,81.32,clear sky,39,1,4.61,UZ
375,Yangjiang,21.85,111.9667,80.62,scattered clouds,91,35,5.21,CN
376,Barstow,34.8986,-117.0228,98.76,clear sky,25,3,6.82,US
377,Sabang,5.8933,95.3214,83.21,scattered clouds,74,44,20.09,ID
378,Buzmeyin,38.0507,58.2056,88.65,clear sky,18,0,7.05,TM
379,Eirunepe,-6.6603,-69.8736,83.34,broken clouds,59,77,2.28,BR
380,Namie,37.4833,141.0,76.98,overcast clouds,82,100,1.01,JP
381,Severo-Kurilsk,50.6789,156.125,57.52,overcast clouds,96,100,4.88,RU
382,Hokitika,-42.7167,170.9667,49.57,moderate rain,84,100,3.31,NZ
383,Lobva,59.1854,60.5185,42.87,broken clouds,87,55,5.3,RU
384,Mariental,-24.6333,17.9667,56.28,clear sky,31,0,9.08,NA
385,Beloha,-25.1667,45.05,61.36,clear sky,78,0,13.51,MG
386,Sennoy,52.1509,46.9631,62.1,clear sky,72,6,4.05,RU
387,Hamilton,39.1834,-84.5333,91.22,clear sky,50,0,1.01,US
388,Camana,-16.6228,-72.7111,61.34,broken clouds,82,63,9.48,PE
389,Visby,57.6409,18.296,63.95,fog,100,18,0.0,SE
390,Sol-Iletsk,51.1631,54.9918,64.24,scattered clouds,45,25,3.49,RU
391,Singaparna,-7.3515,108.111,68.34,broken clouds,91,73,0.34,ID
392,Manokwari,-0.8667,134.0833,78.82,broken clouds,76,69,5.1,ID
393,Viransehir,37.2353,39.7631,85.75,clear sky,28,0,9.98,TR
394,Kabinda,-6.1333,24.4833,64.36,broken clouds,42,61,4.32,CD
395,San Ignacio,17.1561,-89.0714,92.07,overcast clouds,44,90,10.0,BZ
396,Presidencia Roque Saenz Pena,-26.7852,-60.4388,50.34,clear sky,21,0,5.93,AR
397,Saint-Augustin,51.226,-58.6502,62.24,overcast clouds,93,99,8.37,CA
398,Sao Jose Do Rio Pardo,-21.5956,-46.8886,69.15,clear sky,39,2,3.74,BR
399,Batamshinskiy,50.5594,58.2747,59.9,clear sky,48,7,3.13,KZ
400,Bosaso,11.2842,49.1816,88.56,clear sky,41,8,24.58,SO
401,Anchorage,61.2181,-149.9003,69.93,overcast clouds,66,98,3.0,US
402,Coronado,32.6859,-117.1831,96.26,broken clouds,73,75,13.8,US
403,The Pas,53.8251,-101.2541,73.62,overcast clouds,49,94,10.85,CA
404,Kumta,14.4167,74.4,78.66,overcast clouds,86,98,13.33,IN
405,Arica,-18.475,-70.3042,60.1,few clouds,80,21,4.61,CL
406,Bouna,9.2667,-3.0,74.44,overcast clouds,80,99,5.66,CI
407,Damietta,31.4165,31.8133,82.29,clear sky,69,0,9.73,EG
408,Barcelona,41.3888,2.159,77.7,scattered clouds,80,40,1.01,ES
409,Lazaro Cardenas,17.9583,-102.2,85.73,broken clouds,70,51,7.54,MX
410,Mgandu,-5.95,34.1333,59.02,clear sky,45,5,9.08,TZ
411,Bengkulu,-3.8004,102.2655,72.9,scattered clouds,74,47,5.01,ID
412,Batemans Bay,-35.7167,150.1833,59.2,broken clouds,53,78,6.62,AU
413,Cap Malheureux,-19.9842,57.6142,68.47,light rain,90,64,5.01,MU
414,Arteaga,18.4667,-102.4167,76.37,broken clouds,74,79,4.54,MX
415,Totma,59.9747,42.7642,49.8,few clouds,77,15,3.89,RU
416,Halifax,44.6453,-63.5724,75.09,broken clouds,85,75,4.0,CA
417,Sechura,-5.5569,-80.8222,75.4,few clouds,64,12,17.72,PE
418,Balkhash,46.844,74.9804,68.86,clear sky,38,0,16.64,KZ
419,Khromtau,50.2503,58.4347,61.07,scattered clouds,44,44,3.8,KZ
420,Nantucket,41.2835,-70.0995,82.96,clear sky,65,3,12.91,US
421,Sydney,-33.8679,151.2073,61.48,clear sky,57,0,5.01,AU
422,Baryshivka,50.361,31.3217,79.0,overcast clouds,72,85,7.27,UA
423,Omsukchan,62.5333,155.8,44.85,overcast clouds,67,99,9.17,RU
424,Hella,67.2,14.4333,66.88,clear sky,89,0,4.61,NO
425,Phaltan,17.9833,74.4333,73.98,overcast clouds,77,100,14.54,IN
426,Broken Hill,-31.95,141.4333,54.05,broken clouds,89,77,15.01,AU
427,Langenselbold,50.1766,9.04,66.0,moderate rain,90,100,3.74,DE
428,Manacapuru,-3.2997,-60.6206,88.38,clear sky,61,4,3.91,BR
429,Dungarvan,52.0881,-7.6253,60.57,clear sky,86,9,5.99,IE
430,Butembo,0.15,29.2833,60.82,overcast clouds,78,93,1.07,CD
431,Alyangula,-13.8483,136.4192,60.67,overcast clouds,100,90,2.3,AU
432,Smithers,54.7804,-127.1743,66.69,overcast clouds,40,85,3.4,CA
433,Port Blair,11.6667,92.75,81.61,overcast clouds,84,96,18.79,IN
434,Grootfontein,-19.5667,18.1167,49.03,clear sky,38,0,4.99,NA
435,Vila,42.0304,-8.1588,58.75,clear sky,85,0,4.61,PT
436,Itoman,26.1247,127.6694,80.62,broken clouds,94,75,6.91,JP
437,Inongo,-1.95,18.2667,70.65,clear sky,43,7,4.14,CD
438,Te Anau,-45.4167,167.7167,45.59,few clouds,88,15,2.95,NZ
439,Soe,-9.8607,124.284,62.02,scattered clouds,90,27,4.59,ID
440,Saint-Joseph,-21.3667,55.6167,66.58,light rain,80,37,13.29,RE
441,Skole,49.0372,23.5135,70.65,few clouds,85,13,4.61,UA
442,Dovers,12.8833,-61.1833,80.11,broken clouds,78,65,13.94,VC
443,Maniwaki,46.3834,-75.966,64.78,broken clouds,72,51,3.44,CA
444,Buala,-8.145,159.5921,81.46,light rain,80,94,10.42,SB
445,Ranong,9.9658,98.6348,79.97,overcast clouds,88,86,13.44,TH
446,Sitka,57.0531,-135.33,60.51,light rain,75,99,3.83,US
447,Horta,38.5333,-28.6333,71.91,broken clouds,83,71,10.51,PT
448,Alugan,12.2188,125.4808,80.28,overcast clouds,77,98,8.77,PH
449,Biak,-0.9131,122.8766,75.31,broken clouds,82,82,7.72,ID
450,Northam,51.0333,-4.2167,62.22,scattered clouds,93,48,12.06,GB
451,Kuusamo,65.9667,29.1833,57.24,clear sky,82,0,3.44,FI
452,Dalgopol,43.05,27.35,71.65,clear sky,58,0,3.15,BG
453,Otukpo,7.1913,8.1329,70.79,scattered clouds,85,47,2.62,NG
454,Copperas Cove,31.1241,-97.9031,99.03,clear sky,41,1,5.75,US
455,Lasa,46.6166,10.7002,63.34,overcast clouds,95,95,3.85,IT
456,Ola,59.5833,151.2833,55.29,overcast clouds,74,97,12.48,RU
457,Berezanka,46.8526,31.388,77.07,scattered clouds,50,26,6.08,UA
458,Makakilo City,21.3469,-158.0858,82.62,broken clouds,64,66,15.95,US
459,Erdenet,49.0333,104.0833,55.42,clear sky,79,6,0.51,MN
460,Wamba,8.9333,8.6,69.75,overcast clouds,87,88,3.33,NG
461,Adeje,28.1227,-16.726,73.02,broken clouds,74,75,19.57,ES
462,Asau,46.4333,26.4,71.4,broken clouds,79,54,5.39,RO
463,Zhangjiakou,40.81,114.8794,69.15,overcast clouds,88,97,1.7,CN
464,Saint-Ambroise,48.5501,-71.3324,63.57,broken clouds,47,70,8.12,CA
465,Skuodas,56.2667,21.5333,69.66,broken clouds,98,60,6.49,LT
466,Wuwei,37.9281,102.6414,68.04,overcast clouds,35,89,5.88,CN
467,Pangody,65.85,74.4859,46.2,clear sky,68,8,8.75,RU
468,Strezhevoy,60.7333,77.5889,55.38,overcast clouds,85,100,6.87,RU
469,Dingle,10.9995,122.6711,78.82,overcast clouds,84,100,10.16,PH
470,Bagotville,-28.9833,153.4167,55.63,clear sky,80,1,5.14,AU
471,Christchurch,-43.5333,172.6333,50.47,clear sky,86,3,3.0,NZ
472,Pidhaytsi,49.2685,25.1334,73.02,scattered clouds,84,38,3.67,UA
473,Bijie,27.3125,105.2942,62.02,few clouds,93,14,2.93,CN
474,Aksarayskiy,46.7924,48.0119,67.95,overcast clouds,43,100,11.27,RU
475,Semnan,35.5729,53.3971,83.26,few clouds,34,21,1.68,IR
476,Puerto Carreno,6.189,-67.4859,80.31,heavy intensity rain,83,94,4.74,CO
477,Kibakwe,-6.7167,36.3667,57.94,clear sky,56,3,3.98,TZ
478,Chkalovsk,56.7647,43.2433,56.79,broken clouds,81,75,4.65,RU
479,Keti Bandar,24.1447,67.4497,82.45,overcast clouds,83,100,21.54,PK
480,Xuddur,4.1213,43.8894,72.01,overcast clouds,69,100,20.11,SO
481,Berlevag,70.8578,29.0864,46.72,broken clouds,89,78,8.01,NO
482,Papara,-3.9839,-38.7273,78.69,clear sky,86,7,4.03,BR
483,Roma,43.2128,-75.4557,72.12,overcast clouds,89,90,3.44,US
484,Flinders,-34.5833,150.8552,59.38,overcast clouds,61,92,4.0,AU
485,Sao Filipe,14.8961,-24.4956,74.43,few clouds,82,17,5.93,CV
486,Santimbru,46.1333,23.65,72.37,few clouds,51,22,2.68,RO
487,Adrar,20.5022,-10.0711,92.53,overcast clouds,21,100,12.84,MR
488,Abha,18.2164,42.5053,65.73,scattered clouds,77,27,3.49,SA
489,Ushumun,52.7833,126.5333,66.2,light rain,99,96,3.44,RU
490,Faya,18.3851,42.4509,65.8,scattered clouds,77,26,4.99,SA
491,Hobyo,5.3505,48.5268,78.13,overcast clouds,68,98,20.89,SO
492,Chimbote,-9.0853,-78.5783,67.5,few clouds,79,15,12.06,PE
493,Sakakah,29.9697,40.2064,92.59,clear sky,15,1,13.85,SA
494,Filadelfia,39.9523,-75.1638,93.42,clear sky,44,3,3.0,US
495,Upernavik,72.7868,-56.1549,49.62,overcast clouds,73,100,17.49,GL
496,Arvika,59.6553,12.5852,65.01,overcast clouds,98,100,3.44,SE
497,Ayan,56.45,138.1667,70.92,broken clouds,67,83,7.78,RU
498,Buzdyak,54.5833,54.55,53.37,scattered clouds,75,29,4.27,RU
499,Kieta,-6.2167,155.6333,81.28,light rain,78,98,1.97,PG
500,Laguna,38.421,-121.4238,102.43,clear sky,21,1,3.0,US
501,Kupang,-10.1667,123.5833,73.98,few clouds,78,20,8.05,ID
502,Rosarito,32.3333,-117.0333,91.58,scattered clouds,69,26,11.14,MX
503,Paita,-5.0892,-81.1144,69.49,few clouds,80,11,17.18,PE
504,Bedele,8.456,36.353,55.24,light rain,98,100,3.09,ET
505,Akyab,20.15,92.9,80.46,light rain,89,100,13.73,MM
506,Girne,35.3417,33.3167,88.99,clear sky,63,0,18.07,CY
507,Madras,13.0878,80.2785,84.18,mist,74,20,3.44,IN
508,Benghazi,32.1167,20.0667,79.29,clear sky,69,0,15.32,LY
509,Rawson,-43.3002,-65.1023,43.36,broken clouds,64,62,19.6,AR
510,Slavsk,55.0425,21.677,63.9,broken clouds,96,64,6.02,RU
511,Saint Anthony,45.0205,-93.218,96.35,scattered clouds,55,40,1.01,US
512,Kalofer,42.6167,24.9833,73.89,clear sky,52,0,3.47,BG
513,Athabasca,54.7169,-113.2854,81.09,clear sky,17,0,15.82,CA
514,Gushikawa,26.3544,127.8686,80.19,broken clouds,80,75,8.05,JP
515,Hervey Bay,-25.2986,152.8535,66.04,overcast clouds,66,96,9.26,AU
516,Rocha,-34.4833,-54.3333,43.27,few clouds,70,21,18.23,UY
517,Vagay,57.9375,69.0217,51.31,broken clouds,99,59,3.31,RU
518,San Cristobal,7.7669,-72.225,78.03,scattered clouds,60,26,4.16,VE
519,Batagay-Alyta,67.8006,130.4114,47.79,few clouds,64,15,12.62,RU
520,Atasu,48.6814,71.6433,58.87,clear sky,45,1,7.87,KZ
521,Novikovo,51.1537,37.8879,69.19,broken clouds,52,65,1.25,RU
522,Mitsamiouli,-11.3847,43.2844,75.78,few clouds,71,13,5.82,KM
523,Scarborough,54.2797,-0.4044,61.92,overcast clouds,88,98,6.8,GB
524,Zhigansk,66.7697,123.3711,52.83,few clouds,66,17,15.9,RU
525,Qixingtai,30.4135,111.8874,76.28,light rain,85,0,6.44,CN
526,Bahir Dar,11.5936,37.3908,61.25,heavy intensity rain,97,100,0.89,ET
527,Tikhvin,59.6451,33.5294,63.82,scattered clouds,68,36,4.72,RU
528,Khovu-Aksy,51.1333,93.6,55.69,light rain,94,100,1.48,RU
529,Portland,45.5234,-122.6762,90.9,scattered clouds,40,40,1.01,US
530,Cordoba,-31.4135,-64.1811,55.76,clear sky,21,0,5.01,AR
531,Prainha,-1.8,-53.48,82.02,few clouds,60,12,3.74,BR
532,Povenets,62.8487,34.8262,57.38,clear sky,70,6,4.45,RU
533,Berdigestyakh,62.0989,126.6992,59.14,clear sky,64,5,5.32,RU
534,Hihya,30.6713,31.588,83.28,clear sky,71,0,5.66,EG
535,Den Helder,52.9599,4.7593,62.98,overcast clouds,92,90,7.0,NL
536,Matehuala,23.65,-100.65,83.88,scattered clouds,25,39,13.18,MX
537,Castrillon,43.3979,-6.7922,63.14,scattered clouds,99,47,0.36,ES
538,Shellbrook,53.2168,-106.4011,87.04,clear sky,27,1,11.72,CA
539,Asind,25.7333,74.3333,77.31,overcast clouds,85,100,13.15,IN
540,Derzhavinsk,51.1,66.3167,59.74,clear sky,47,5,7.16,KZ
541,Kavieng,-2.5744,150.7967,84.22,few clouds,72,15,11.1,PG
542,Ariquemes,-9.9133,-63.0408,86.58,broken clouds,38,53,0.69,BR
543,Les Ponts-De-Ce,47.4231,-0.5248,62.08,scattered clouds,92,30,9.48,FR
544,Fort Nelson,58.8053,-122.7002,62.19,thunderstorm with light rain,67,75,11.5,CA
545,Isla Vista,34.4133,-119.861,100.08,clear sky,59,1,12.66,US
546,Harper,4.375,-7.7169,76.66,overcast clouds,77,100,8.57,LR
547,Belawan,3.7755,98.6832,73.69,scattered clouds,92,37,4.21,ID
548,Novokizhinginsk,51.6115,109.5917,55.22,scattered clouds,94,35,2.13,RU
549,Sambava,-14.2667,50.1667,66.72,broken clouds,82,72,9.6,MG
550,Otane,-39.8833,176.6333,53.01,clear sky,82,1,3.18,NZ
551,Kazachinskoye,57.6953,93.2761,56.88,overcast clouds,86,99,4.74,RU
552,Mehamn,71.0357,27.8492,46.13,scattered clouds,91,44,7.2,NO
553,College,64.8569,-147.8028,66.0,overcast clouds,67,100,1.01,US
554,Sioux Lookout,50.1001,-91.917,82.11,clear sky,26,3,6.71,CA
555,Aranos,-24.1333,19.1167,50.83,clear sky,33,0,14.07,NA
556,Valparaiso,-33.0393,-71.6273,56.84,clear sky,64,0,17.27,CL
557,Vanimo,-2.6741,141.3028,78.66,overcast clouds,90,91,4.81,PG
558,Horsham,51.064,-0.3272,63.93,scattered clouds,75,40,5.75,GB
559,Constantine,36.365,6.6147,80.56,few clouds,48,23,4.07,DZ
560,Sarkand,45.41,79.9186,60.06,clear sky,62,0,2.73,KZ
561,Ayagoz,47.9714,80.4392,54.39,clear sky,71,0,7.47,KZ
562,Esmeraldas,-19.7625,-44.3139,66.24,clear sky,35,3,1.43,BR
563,Narsaq,60.9167,-46.05,50.22,broken clouds,68,57,5.88,GL
564,Zambezi,-13.5432,23.1047,52.5,broken clouds,42,68,5.99,ZM
565,Acarau,-2.8856,-40.12,78.58,scattered clouds,78,34,16.11,BR
566,Wanning,18.8003,110.3967,81.05,overcast clouds,80,100,8.14,CN
567,Hit,33.6416,42.8251,97.23,clear sky,17,0,18.14,IQ
568,Altay,47.8667,88.1167,61.0,clear sky,70,0,1.83,CN
569,Ribeira Brava,32.65,-17.0667,73.13,clear sky,73,8,5.66,PT
570,Hays,30.0502,-98.0336,98.71,overcast clouds,37,87,4.0,US
571,Shimoda,34.6667,138.95,83.1,overcast clouds,83,98,9.84,JP
572,Izvestkovyy,48.9833,131.55,72.7,scattered clouds,94,36,0.74,RU
573,Itarema,-2.9248,-39.9167,78.26,scattered clouds,79,26,15.48,BR
574,Huilong,31.8111,121.655,81.03,light rain,96,100,25.66,CN
575,Taiyuan,37.8694,112.5603,73.26,clear sky,68,0,6.71,CN
576,Vardo,70.3705,31.1107,46.6,overcast clouds,88,85,13.02,NO
577,Priargunsk,50.3691,119.1012,61.09,few clouds,95,11,1.05,RU
578,Biltine,14.5333,20.9167,82.72,overcast clouds,61,100,3.67,TD
579,Srikakulam,18.3,83.9,84.04,overcast clouds,66,100,6.42,IN
580,Malindi,-3.2175,40.1191,75.51,few clouds,83,11,20.42,KE
581,Dauphin,51.1494,-100.0502,93.72,clear sky,24,0,9.24,CA
582,Neuquen,-38.9516,-68.0591,48.78,clear sky,34,3,6.78,AR
583,Ninghai,29.2892,121.4247,80.73,light rain,94,100,9.66,CN
584,Rio Grande,-32.035,-52.0986,45.95,clear sky,56,6,19.93,BR
585,Puerto Asis,0.5133,-76.5007,83.05,scattered clouds,67,33,3.04,CO
586,Qinzhou,21.95,108.6167,81.84,broken clouds,87,75,3.2,CN
587,Tecolutla,20.4833,-97.0167,94.86,overcast clouds,61,100,11.27,MX
588,Charleston,32.7766,-79.9309,88.02,scattered clouds,81,40,3.0,US
589,Olafsvik,64.8945,-23.7142,51.64,overcast clouds,86,99,13.51,IS
590,Nandgaon,20.3167,74.65,74.17,overcast clouds,83,100,20.58,IN
591,Kasama,-10.2129,31.1808,49.91,broken clouds,67,74,5.26,ZM
592,Thinadhoo,0.5333,72.9333,81.86,overcast clouds,74,100,8.68,MV
593,Labuhan,-6.8844,112.2051,72.72,few clouds,89,22,6.62,ID
594,Muscat,23.6139,58.5922,97.36,overcast clouds,48,100,3.76,OM
595,Tautira,-17.7333,-149.15,82.42,light rain,74,84,11.41,PF
596,Vao,-22.6667,167.4833,67.96,overcast clouds,59,100,16.84,NC
597,Kushiro,42.975,144.3747,70.75,mist,100,75,2.3,JP
598,Karaton,-6.3424,106.1045,74.95,broken clouds,83,66,1.59,ID
599,Ostrovnoy,68.0531,39.5131,46.33,broken clouds,87,56,4.72,RU
600,Pauri,30.15,78.7833,69.13,overcast clouds,97,100,0.89,IN
601,Horqueta,-23.3428,-57.0597,59.13,overcast clouds,30,90,7.54,PY
602,Dunedin,-45.8742,170.5036,50.81,few clouds,71,11,13.0,NZ
603,Uchiza,-8.4592,-76.4633,82.08,broken clouds,68,62,1.61,PE
604,Terme,41.2092,36.9739,76.96,scattered clouds,91,34,10.09,TR
605,Kunming,25.0389,102.7183,63.43,light rain,91,86,2.06,CN
606,California City,35.1258,-117.9859,100.11,clear sky,22,1,7.0,US
607,Port Keats,-14.25,129.55,70.12,overcast clouds,83,93,3.56,AU
608,Tawang,27.5833,91.8667,57.99,overcast clouds,92,100,1.99,IN
609,Imbituba,-28.24,-48.6703,57.81,overcast clouds,73,100,17.31,BR
610,Salisbury,51.0693,-1.7957,63.68,overcast clouds,93,99,10.85,GB
611,Sorkjosen,69.8,20.9333,50.83,scattered clouds,94,40,2.95,NO
612,Yanliang,34.6592,109.2292,77.41,overcast clouds,53,100,1.83,CN
613,Roald,62.5833,6.1333,69.17,broken clouds,82,75,11.5,NO
614,Salalah,17.0151,54.0924,77.5,overcast clouds,90,97,10.42,OM
615,Rio Gallegos,-51.6226,-69.2181,42.85,moderate rain,81,90,10.36,AR
616,Okha,53.5739,142.9478,68.14,overcast clouds,87,96,4.68,RU
617,Kidal,18.4411,1.4078,83.08,broken clouds,51,59,12.53,ML
618,Dhidhdhoo,6.8833,73.1,82.02,broken clouds,77,83,15.01,MV
619,Bethanien,-26.502,17.1583,56.37,clear sky,40,0,4.23,NA
620,Eureka,40.8021,-124.1637,61.41,overcast clouds,71,100,6.73,US
621,Aykhal,66.0,111.5,77.41,few clouds,48,22,3.33,RU
622,Gumdag,39.2061,54.5906,88.81,clear sky,22,3,6.11,TM
623,Markapur,15.7333,79.2833,80.4,scattered clouds,65,31,15.26,IN
624,Pozo Colorado,-23.4923,-58.7972,59.9,scattered clouds,23,29,7.43,PY
625,Kensington,-33.9167,151.2167,62.46,clear sky,55,0,5.01,AU
626,Kaitong,44.8135,123.15,74.89,overcast clouds,75,97,3.53,CN
627,Sola,-13.8833,167.55,80.55,broken clouds,75,69,24.09,VU
628,Linhares,-19.3911,-40.0722,71.71,broken clouds,78,67,6.46,BR
629,Healesville,-37.65,145.5167,58.51,overcast clouds,72,96,5.01,AU
630,Gramsh,40.8697,20.1844,79.88,clear sky,38,0,6.02,AL
631,Vostok,46.4856,135.8833,78.06,overcast clouds,70,90,1.63,RU
632,Shenzhen,22.5455,114.0683,87.85,overcast clouds,93,97,3.49,CN
633,Maturin,9.75,-63.1767,78.75,broken clouds,88,72,5.77,VE
634,Yalutorovsk,56.6536,66.3006,51.71,scattered clouds,94,39,6.17,RU
635,Ampanihy,-24.7,44.75,60.15,clear sky,79,0,14.94,MG
636,Galesong,-5.3166,119.3661,68.02,scattered clouds,68,33,5.57,ID
637,Harrismith,-28.2728,29.1295,38.98,clear sky,40,0,9.73,ZA
638,Bikaner,28.0167,73.3,86.5,overcast clouds,66,100,18.86,IN
639,Teya,60.3778,92.6267,57.13,overcast clouds,97,98,5.5,RU
640,Dukat,62.55,155.55,42.85,overcast clouds,70,100,8.03,RU
641,Tatawin,32.9297,10.4518,75.85,clear sky,69,0,7.65,TN
642,Iralaya,15.0,-83.2333,82.49,overcast clouds,84,100,11.54,HN
643,Marrakesh,31.6315,-8.0083,82.47,clear sky,51,0,10.36,MA
644,Kimbe,-5.5502,150.1429,79.61,clear sky,82,5,2.06,PG
645,Talara,-4.5772,-81.2719,69.08,clear sky,82,3,15.17,PE
646,Kathmandu,27.7167,85.3167,68.22,moderate rain,100,90,2.3,NP
647,Barbastro,42.0356,0.1269,78.78,broken clouds,53,51,3.44,ES
648,Mardin,37.3131,40.7436,80.02,clear sky,31,0,13.6,TR
649,Antofagasta,-23.65,-70.4,58.3,few clouds,80,23,8.57,CL
650,Marawi,7.9986,124.2928,69.66,overcast clouds,86,100,6.53,PH
651,Nizhniy Tsasuchey,50.5167,115.1333,59.85,clear sky,83,9,2.28,RU
652,Kangaatsiaq,68.3065,-53.4641,46.9,overcast clouds,74,100,18.41,GL
653,Shirvan,39.9509,48.8994,84.13,scattered clouds,41,36,17.94,AZ
654,Naantali,60.4674,22.0243,74.1,clear sky,56,0,4.61,FI
655,Grand-Lahou,5.1367,-5.0242,76.28,broken clouds,82,76,9.89,CI
656,Chapais,49.7834,-74.8492,60.6,overcast clouds,42,100,7.43,CA
657,Qingdao,36.0986,120.3719,78.12,light rain,85,100,13.62,CN
658,Dodoma,-6.1722,35.7395,61.75,clear sky,48,1,7.4,TZ
659,Miri,4.4148,114.0089,78.67,overcast clouds,88,97,5.12,MY
660,Clovis,36.8252,-119.7029,107.6,few clouds,26,20,1.01,US
661,Blackwater,-23.5833,148.8833,58.66,clear sky,82,2,5.86,AU
662,Uyar,55.81,94.3153,54.99,overcast clouds,95,94,6.82,RU
663,Sobolevo,54.4299,31.8996,63.25,heavy intensity rain,94,100,4.83,RU
664,Fort Smith,35.3859,-94.3986,96.84,scattered clouds,49,40,5.99,US
665,Hualmay,-11.0964,-77.6139,66.47,scattered clouds,78,34,9.82,PE
666,Logansport,40.7545,-86.3567,88.45,clear sky,63,1,5.75,US
667,Port Augusta,-32.5,137.7667,55.71,few clouds,80,14,7.14,AU
668,Kiama,-34.6833,150.8667,59.58,overcast clouds,57,87,7.0,AU
669,Kasterlee,51.2426,4.9699,64.02,overcast clouds,92,92,8.86,BE
670,Yenagoa,4.9247,6.2642,74.05,overcast clouds,85,99,3.44,NG
671,Andros Town,24.7,-77.7667,87.76,scattered clouds,67,36,9.28,BS
672,Aksu,41.1231,80.2644,84.51,broken clouds,32,81,7.4,CN
673,Srednekolymsk,67.45,153.6833,38.55,overcast clouds,94,100,10.63,RU
674,Rio Negro,-26.1058,-49.7975,50.67,overcast clouds,96,100,3.58,BR
675,Seymchan,62.8833,152.4333,51.66,broken clouds,55,72,13.78,RU
676,Neryungri,56.6709,124.6491,62.15,broken clouds,82,57,3.27,RU
677,Taranto,40.6167,17.25,85.89,clear sky,63,4,2.91,IT
678,Salina Cruz,16.1667,-95.2,90.73,overcast clouds,55,100,9.89,MX
679,Novo Aripuana,-5.1206,-60.3797,84.87,clear sky,42,4,0.58,BR
680,Swellendam,-34.0226,20.4417,54.75,broken clouds,81,80,4.34,ZA
681,Fray Bentos,-33.1325,-58.2956,47.73,clear sky,58,6,8.63,UY
682,Shizuishan,39.2333,106.7694,69.85,few clouds,62,18,7.72,CN
683,Zhireken,52.8249,117.3076,57.85,light rain,98,74,3.2,RU
684,Puerto Penasco,31.3167,-113.5333,91.9,broken clouds,67,73,7.0,MX
685,Andrushivka,50.0229,29.0202,69.08,overcast clouds,82,100,7.14,UA
686,Peleduy,59.6289,112.7406,69.21,clear sky,66,0,4.18,RU
687,Bhuban,20.8833,85.8333,80.89,heavy intensity rain,88,100,10.42,IN
688,Miami,25.7743,-80.1937,92.01,thunderstorm,71,75,4.0,US
